MTPPJMPPP5MC,80eb1803121127a8:-70ca7652:14de8828ec8:-59b1
MTPPXJWPQL1S,f76b0d9ac1a12e33:1f7ee0:14de2f54c74:-5941
MTPNPQRPNQGT,f76b0d9ac1a12e33:1f7ee0:14de2f54c74:-54cb
MTPN8JGPN2Q6,80eb1803121127a8:-70ca7652:14de8828ec8:-555d
MTPPS82PNDG8,f76b0d9ac1a12e33:1f7ee0:14de2f54c74:-4f32
MTPP973PNDG0,f76b0d9ac1a12e33:1f7ee0:14de2f54c74:-4ef1
MTPNMSTPNXPL,f76b0d9ac1a12e33:1f7ee0:14de2f54c74:-4ec1
MTPQGGPPPBQ4,f76b0d9ac1a12e33:1f7ee0:14de2f54c74:-4e9a
MTPPQGPPNR3S,f76b0d9ac1a12e33:1f7ee0:14de2f54c74:-4e7a
MTPPQ1SPPXBS,f76b0d9ac1a12e33:1f7ee0:14de2f54c74:-4ddf
MTPNLMPPPBTX,f76b0d9ac1a12e33:1f7ee0:14de2f54c74:-4db6
MTPNDZGPNM97,f76b0d9ac1a12e33:1f7ee0:14de2f54c74:-4c02
MTPPHSSPP0Z7,80eb1803121127a8:-70ca7652:14de8828ec8:-4aa6
MTPNDTKPNKQM,f76b0d9ac1a12e33:1f7ee0:14de2f54c74:-4bf9
MTPNR7KPN8CV,f76b0d9ac1a12e33:1f7ee0:14de2f54c74:-4be1
MTPNMSTPNG3D,80eb1803121127a8:-70ca7652:14de8828ec8:-4d8a
MTPNVTSPQ90Z,f76b0d9ac1a12e33:1f7ee0:14de2f54c74:-4c01
MTPN95QPP1D5,f76b0d9ac1a12e33:1f7ee0:14de2f54c74:-4bdf
MTPN68PPNL0G,f76b0d9ac1a12e33:1f7ee0:14de2f54c74:-4bde
MTPPP1KPNBKM,f76b0d9ac1a12e33:1f7ee0:14de2f54c74:-4bdd
MTPPPGRPNXFC,f76b0d9ac1a12e33:1f7ee0:14de2f54c74:-4bd6
MTPNDZGPNFDP,80eb1803121127a8:-70ca7652:14de8828ec8:-4a8d
MTPNBCLPPDQF,f76b0d9ac1a12e33:1f7ee0:14de2f54c74:-4bd3
MTPPJPKPNRW3,f76b0d9ac1a12e33:1f7ee0:14de2f54c74:-4bd4
MTPQQ4QPQL71,f76b0d9ac1a12e33:1f7ee0:14de2f54c74:-4bd1
MTPP2CGPPVVC,f76b0d9ac1a12e33:1f7ee0:14de2f54c74:-4bd0
MTPPS82PQPLK,f76b0d9ac1a12e33:1f7ee0:14de2f54c74:-4bcf
MTPQL51PQGMF,f76b0d9ac1a12e33:1f7ee0:14de2f54c74:-4bce
MTPPGWSPQ3V8,f76b0d9ac1a12e33:1f7ee0:14de2f54c74:-4bcc
MTPN68PPQ55C,80eb1803121127a8:-70ca7652:14de8828ec8:-4a87
MTPPW28PPV9Q,80eb1803121127a8:-70ca7652:14de8828ec8:-4a86
MTPPHDQPPMSM,80eb1803121127a8:-70ca7652:14de8828ec8:-4a83
MTPQZL2PPX5L,80eb1803121127a8:-70ca7652:14de8828ec8:-4a81
MTPQRWKPP03F,f76b0d9ac1a12e33:1f7ee0:14de2f54c74:-4bc9
MTPNH8SPNLWL,80eb1803121127a8:-70ca7652:14de8828ec8:-4a7f
MTPP18TPP8RD,80eb1803121127a8:-70ca7652:14de8828ec8:-4a85
MTPNRMRPQ516,80eb1803121127a8:-70ca7652:14de8828ec8:-4a7e
MTPP8BTPP3M5,80eb1803121127a8:-70ca7652:14de8828ec8:-4a7a
MTPPC4GPN800,80eb1803121127a8:-70ca7652:14de8828ec8:-4a82
MTPNJWMPNJFW,80eb1803121127a8:-70ca7652:14de8828ec8:-4a79
MTPNX1LPPSDN,80eb1803121127a8:-70ca7652:14de8828ec8:-4a78
MTPNQQPPPWS0,80eb1803121127a8:-70ca7652:14de8828ec8:-4a76
MTPQ9M3PNNQ1,80eb1803121127a8:-70ca7652:14de8828ec8:-4a75
MTPNTXRPPNW7,80eb1803121127a8:-70ca7652:14de8828ec8:-4a7b
MTPQN93PN9FM,80eb1803121127a8:-70ca7652:14de8828ec8:-4a74
MTPNRJTPQ93D,80eb1803121127a8:-70ca7652:14de8828ec8:-4a73
MTPNBCSPNXJ8,f76b0d9ac1a12e33:1f7ee0:14de2f54c74:-4bc5
MTPQJM8PNBR1,f76b0d9ac1a12e33:1f7ee0:14de2f54c74:-4bc4
MTPNCHWPNK88,f76b0d9ac1a12e33:1f7ee0:14de2f54c74:-4bc3
MTPPFSKPNKC0,80eb1803121127a8:-70ca7652:14de8828ec8:-4a6f
MTPNHCMPNR6Z,f76b0d9ac1a12e33:1f7ee0:14de2f54c74:-4bc1
MTPPD4KPN0GZ,80eb1803121127a8:-70ca7652:14de8828ec8:-4a54
MTPN511PP9LL,f76b0d9ac1a12e33:1f7ee0:14de2f54c74:-4bb3
MTPQLWMPQ5TB,f76b0d9ac1a12e33:1f7ee0:14de2f54c74:-4bba
MTPPJFTPN2J1,80eb1803121127a8:-70ca7652:14de8828ec8:-4a53
MTPNKKWPQXTF,80eb1803121127a8:-70ca7652:14de8828ec8:-4a52
MTPNTX3PPR62,80eb1803121127a8:-70ca7652:14de8828ec8:-4a51
MTPQ85RPQ3SX,f76b0d9ac1a12e33:1f7ee0:14de2f54c74:-4baf
MTPNCQWPP25Q,f76b0d9ac1a12e33:1f7ee0:14de2f54c74:-4bae
MTPND2LPQQDZ,f76b0d9ac1a12e33:1f7ee0:14de2f54c74:-4bad
MTPN87LPPM58,f76b0d9ac1a12e33:1f7ee0:14de2f54c74:-4bac
MTPN8FKPQJ90,f76b0d9ac1a12e33:1f7ee0:14de2f54c74:-4bab
MTPPKTWPNC8V,f76b0d9ac1a12e33:1f7ee0:14de2f54c74:-4ba7
MTPNQLMPPHJH,80eb1803121127a8:-70ca7652:14de8828ec8:-4a4e
MTPPHD3PP5T2,f76b0d9ac1a12e33:1f7ee0:14de2f54c74:-4ba6
MTPP7Q7PNKPW,80eb1803121127a8:-70ca7652:14de8828ec8:-4a4d
MTPP798PPDRC,f76b0d9ac1a12e33:1f7ee0:14de2f54c74:-4ba5
MTPP4D2PPNZ1,f76b0d9ac1a12e33:1f7ee0:14de2f54c74:-4baa
MTPPGWMPN7FB,80eb1803121127a8:-70ca7652:14de8828ec8:-4a49
MTPPXJ2PP5TW,80eb1803121127a8:-70ca7652:14de8828ec8:-4a4b
MTPN0BTPNGTT,80eb1803121127a8:-70ca7652:14de8828ec8:-4a48
MTPQJVPPPD75,80eb1803121127a8:-70ca7652:14de8828ec8:-4a46
MTPQGGQPNGZ0,80eb1803121127a8:-70ca7652:14de8828ec8:-4a43
MTPP7HTPNB52,80eb1803121127a8:-70ca7652:14de8828ec8:-4a45
MTPPMZTPQLKF,80eb1803121127a8:-70ca7652:14de8828ec8:-4a42
MTPPWZ8PPMWT,80eb1803121127a8:-70ca7652:14de8828ec8:-4a40
MTPP72PPN4CW,80eb1803121127a8:-70ca7652:14de8828ec8:-4a3f
MTPPP68PNWM1,80eb1803121127a8:-70ca7652:14de8828ec8:-4a3e
MTPN403PPZ26,80eb1803121127a8:-70ca7652:14de8828ec8:-4a3d
MTPP9F2PN0KP,80eb1803121127a8:-70ca7652:14de8828ec8:-4a3c
MTPN17QPQ8X9,80eb1803121127a8:-70ca7652:14de8828ec8:-4a3b
MTPPQGQPN9KL,80eb1803121127a8:-70ca7652:14de8828ec8:-4a3a
MTPP0PLPN2MV,f76b0d9ac1a12e33:1f7ee0:14de2f54c74:-4ba1
MTPNVTHPPZZ7,f76b0d9ac1a12e33:1f7ee0:14de2f54c74:-4ba0
MTPQZL6PPVPW,f76b0d9ac1a12e33:1f7ee0:14de2f54c74:-4b9e
MTPPTQHPNT74,f76b0d9ac1a12e33:1f7ee0:14de2f54c74:-4b9d
MTPN2S6PQZ30,f76b0d9ac1a12e33:1f7ee0:14de2f54c74:-4b9f
MTPQQ45PN657,80eb1803121127a8:-70ca7652:14de8828ec8:-4a35
MTPNF39PQNBV,80eb1803121127a8:-70ca7652:14de8828ec8:-4a36
MTPP4PZPP8X5,80eb1803121127a8:-70ca7652:14de8828ec8:-4a31
MTPNC9JPN3C7,80eb1803121127a8:-70ca7652:14de8828ec8:-4a30
MTPPTTXPPV7M,80eb1803121127a8:-70ca7652:14de8828ec8:-4a2e
MTPPTTXPPGRN,80eb1803121127a8:-70ca7652:14de8828ec8:-4a2f
MTPQPGTPNF93,80eb1803121127a8:-70ca7652:14de8828ec8:-4a2c
MTPQQ45PP090,80eb1803121127a8:-70ca7652:14de8828ec8:-4a2d
MTPP5VQPPSC4,f76b0d9ac1a12e33:1f7ee0:14de2f54c74:-4b98
MTPPV4FPQP7L,80eb1803121127a8:-70ca7652:14de8828ec8:-4a34
MTPP5VQPNJ3K,f76b0d9ac1a12e33:1f7ee0:14de2f54c74:-4b97
MTPNGVGPQNMC,f76b0d9ac1a12e33:1f7ee0:14de2f54c74:-4b96
MTPPG13PPWHT,f76b0d9ac1a12e33:1f7ee0:14de2f54c74:-4b93